ID,Formula,Density,OB2,Mass,Volume,Ro(g/cm^3),Area,PosArea,NegArea,Ave,PosAve,NegAve,Sigma2,PosSigma2,NegSigma2,Nu,NuSigma2,Pi,MPI,NonPolarArea,PolarArea,Sphericity,HSub,Dipole
CL20,C6H6N12O12,2.04,-10.95833343,438.02281,357.3305,2.0363,311.74136,158.22156,153.5198,6.89678,21.45209,-8.1043,227.29452,210.74783,16.54669,0.06749884,15.34212,15.58159,14.87885,145.82,165.92,0.7812,147.9469534,0.974238713
FOX-7,C2H4N4O4,1.878,-21.61822552,148.02325,140.52589,1.7498,149.69862,76.57345,73.12517,1.89701,24.86657,-22.15569,422.77558,319.75638,103.0192,0.18429672,77.91615,23.52395,23.54235,31.27,118.43,0.8732,98.33889493,3.230377008
HMX,C4H8N8O8,1.905,-21.61822479,296.04651,268.42557,1.8321,245.79367,125.85919,119.93449,6.17782,23.63999,-12.14698,205.64016,168.75408,36.88609,0.14719769,30.26976,18.31957,18.032,69.96,175.83,0.8187,117.8286831,0.000309217
LLM-105,C4H4N6O5,1.847732114,-37.03286741,216.02432,196.47547,1.8265,196.46748,108.70682,87.76066,3.20604,19.44359,-16.90698,187.32838,109.74695,77.58142,0.24262921,45.45134,18.07034,18.3105,41.65,154.81,0.8319,102.0267012,2.125603612
NTO,C2H2N4O3,1.797287927,-24.61298201,130.01269,121.23083,1.7815,135.73529,70.01628,65.71901,3.77158,21.66582,-15.29274,250.37417,193.69388,56.68029,0.17513337,43.84887,18.61063,18.58016,31.51,104.22,0.8727,78.67148956,0.612493818
RDX,C3H6N6O6,1.806,-21.61822503,222.03488,205.21462,1.7973,201.29556,102.47645,98.81911,4.39103,21.33691,-13.18201,192.09307,155.66123,36.43184,0.15368738,29.52228,17.46479,17.33354,53.47,147.82,0.8358,95.14276729,2.221354952
ske_55_10_14,C4H4N6O2,1.753841705,-76.17253484,168.03957,166.13105,1.6804,174.21202,90.55686,83.65515,2.01053,19.79153,-17.23744,356.82294,253.20748,103.61546,0.20606088,73.52725,18.55849,18.56507,62.17,112.04,0.8389,105.4644083,2.359903546
ske_55_10_20,C4HN7O6,1.91842924,-16.46098461,242.99883,209.88323,1.9233,211.96846,106.87616,105.09229,5.04428,21.58759,-11.77984,226.49735,189.59232,36.90503,0.13638922,30.8918,17.02263,16.72498,67.56,144.41,0.8057,100.9275681,1.124150115
ske_55_10_22,C4H3N7O4,1.813364829,-41.30977331,213.02465,195.50054,1.8101,198.1802,105.48783,92.69237,3.25352,17.53397,-12.99824,179.37013,126.57336,52.79677,0.20770619,37.25629,15.35921,15.41253,63.3,134.88,0.822,98.37902906,1.685578014
ske_55_10_24,C4H3N7O4,1.868241888,-41.30977331,213.02465,195.76185,1.8077,199.45072,96.13105,103.31966,2.23463,24.68935,-18.65777,442.19149,363.66111,78.53037,0.14605411,64.58388,21.70728,21.56487,47.74,151.71,0.8175,112.2794674,3.59599547
ske_55_10_35,C4N8O8,1.96973936,,287.98391,240.21705,1.9915,238.15783,122.41067,115.74716,5.87695,19.68771,-8.7289,182.29607,157.60252,24.69355,0.11710947,21.3486,14.84546,14.36161,105.84,132.32,0.7847,107.6206064,0.109516493
ske_55_10_36,C4H2N8O6,1.910442167,-18.60394955,258.00973,225.08022,1.9042,223.53672,116.29594,107.24077,3.9243,19.71546,-13.20024,201.95424,153.93062,48.02363,0.18124832,36.60387,16.6541,16.58981,68.88,154.66,0.8005,109.9486474,2.316995688
ske_55_10_37,C4H2N8O6,1.90418441,-18.60394955,258.00973,225.40533,1.9015,224.15652,113.53457,110.62195,4.83145,21.4141,-12.18781,208.23169,163.76846,44.46323,0.16793361,34.9691,17.10649,16.8609,70.98,153.17,0.7991,109.3155353,1.52208915
ske_55_10_40,C4H4N8O4,1.838293823,-42.09869908,228.03555,212.59517,1.7818,213.70412,106.91158,106.79255,1.76826,22.78901,-19.27592,315.48441,227.99728,87.48712,0.20040936,63.22603,21.07102,21.03344,49.9,163.8,0.8061,118.2688617,3.716867245
ske_55_10_8,C4H2N6O4,1.839846702,-40.40123476,198.01375,179.70356,1.8305,186.19936,99.31087,86.88849,4.61303,21.35216,-14.51929,247.06386,197.36152,49.70234,0.16070184,39.70362,18.1001,18.16365,45.75,140.45,0.8271,94.59831816,0.000389607
ske_55_11_34,C4HN7O6,1.919323504,-16.46098461,242.99883,209.88325,1.9233,213.24431,102.94284,110.30146,5.24689,24.59197,-12.8076,291.79218,256.11146,35.68072,0.10732857,31.31764,18.9981,18.49646,57.51,155.74,0.8009,101.7967781,1.859721744
ske_55_11_38,C4H3N7O4,1.859397914,-41.30977331,213.02465,195.81079,1.8073,200.05751,103.4192,96.63831,2.77982,21.62747,-17.39032,313.48198,231.43763,82.04435,0.19322241,60.57174,19.58263,19.58071,50.74,149.31,0.8151,110.79997,3.093268956
ske_55_11_41,C4H3N7O4,1.884264484,-41.30977331,213.02465,194.94427,1.8153,199.83243,100.2918,99.54063,3.33326,24.83615,-18.3319,405.16416,317.97338,87.19078,0.16888819,68.42744,21.69485,21.59625,44.45,155.38,0.8136,114.075985,3.15253021
ske_55_11_45,C4H3N7O4,1.838393888,-41.30977331,213.02465,194.7114,1.8175,198.00433,105.32714,92.67719,3.33548,19.87946,-15.46667,239.60891,178.57272,61.03618,0.18984387,45.48828,17.75056,17.81403,51.15,146.86,0.8205,102.7225311,0.671245077
ske_55_11_65,C4N8O8,1.985635655,,287.98391,240.14526,1.9921,239.07909,123.8361,115.24299,6.02028,20.92084,-9.99133,252.69755,219.7938,32.90374,0.11325535,28.61935,16.17114,15.6525,97.8,141.28,0.7815,113.1438439,1.239109019
ske_55_11_66,C4H2N8O6,1.918070993,-18.60394955,258.00973,225.51011,1.9006,225.04104,107.03908,118.00195,3.41619,23.58142,-14.8756,309.48761,259.32793,50.15968,0.13580555,42.03013,19.30357,19.01646,53.44,171.6,0.7962,113.6897838,3.151329389
ske_55_11_67,C4H2N8O6,1.889447197,-18.60394955,258.00973,225.51578,1.9005,225.95192,110.03019,115.92173,5.30373,24.02074,-12.46201,252.62016,219.94394,32.67622,0.11261799,28.44957,18.5716,18.09068,62.08,163.88,0.793,106.2178861,1.889983428
ske_55_11_68,C4H2N8O6,1.926564131,-18.60394955,258.00973,224.40785,1.9099,223.83624,120.25967,103.57657,4.94236,20.29409,-12.88207,199.32221,140.55319,58.76903,0.20791116,41.44131,16.84713,16.8643,70.61,153.23,0.7978,112.7714422,1.623093097
ske_55_11_69,C4H2N8O6,1.905823973,-18.60394955,258.00973,224.58075,1.9084,223.25599,114.50767,108.74832,3.83052,19.06234,-12.20799,180.33873,138.1626,42.17613,0.17917574,32.31233,15.83075,15.72358,72.55,150.7,0.8003,107.2848866,1.196350814
ske_55_12_34,C4HN7O6,1.930632304,-16.46098461,242.99883,209.91522,1.923,214.43202,110.33769,104.09433,6.23977,23.4039,-11.95382,299.5767,256.54263,43.03407,0.12301439,36.85224,18.24265,17.84555,73.48,140.95,0.7966,105.6375502,1.616024357
ske_55_12_38,C4H3N7O4,1.884982982,-41.30977331,213.02465,195.64186,1.8088,200.31314,97.50241,102.81073,2.655,26.51967,-19.97749,464.5955,375.50297,89.09253,0.15499035,72.00782,23.30037,23.1619,43.29,157.02,0.8136,115.7651218,4.11291935
ske_55_12_41,C4H3N7O4,1.874415994,-41.30977331,213.02465,194.97921,1.815,200.86897,103.92858,96.94038,4.7506,23.80008,-15.67211,365.33598,282.80452,82.53146,0.17487229,63.88714,20.00051,19.87748,54.93,145.94,0.8095,112.6134697,2.522813969
ske_55_12_65,C4N8O8,1.983822572,,287.98391,240.61126,1.9882,238.43787,140.19528,98.24259,5.94221,17.73809,-10.89088,190.70177,153.90132,36.80044,0.15573491,29.69892,14.44871,14.91686,97.29,141.15,0.7846,113.4917815,1.333899886
ske_55_12_66,C4H2N8O6,1.966977113,-18.60394955,258.00973,224.12651,1.9123,221.66495,112.81782,108.84713,3.52968,22.82062,-16.46499,334.32292,256.90612,77.41679,0.17794154,59.48993,19.80502,19.69973,58.48,163.18,0.805,120.492999,3.625837767
ske_55_12_67,C4H2N8O6,1.906028928,-18.60394955,258.00973,224.4316,1.9097,223.44915,116.1372,107.31195,5.71211,21.72549,-11.6182,231.54431,193.54629,37.99802,0.13717582,31.76228,17.13294,16.87144,75.19,148.26,0.7993,107.0459283,1.701536072
ske_55_12_68,C4H2N8O6,1.922228792,-18.60394955,258.00973,224.44404,1.9096,222.675,123.73709,98.93791,5.34069,18.69916,-11.36615,195.2355,140.18869,55.04681,0.20245455,39.52632,15.34454,15.44099,81.71,140.96,0.8021,111.1539555,1.411066405
ske_55_12_71,C4H4N8O4,1.903729384,-42.09869908,228.03555,208.9226,1.8132,207.36596,116.75017,90.61579,3.0483,19.16297,-17.71399,323.79434,188.62304,135.1713,0.24318721,78.74264,18.29161,18.52979,69.31,138.05,0.8211,121.6528513,2.876441077
ske_55_12_75,C4H4N8O4,1.817750838,-42.09869908,228.03555,211.55517,1.7906,210.79482,110.16593,100.62889,2.81352,19.0721,-14.98596,231.94313,161.47289,70.47024,0.21151557,49.05958,17.11306,17.12147,64.37,146.43,0.8145,110.3533905,2.936826292
ske_55_13_33,C4HN7O6,1.949597358,-16.46098461,242.99883,210.12555,1.9211,215.1565,105.10908,110.04743,5.25083,25.40162,-13.99571,398.85833,344.66534,54.19299,0.11740955,46.82978,20.03237,19.56777,62.74,152.41,0.7944,111.3166857,2.424433677
ske_55_13_65,C4N8O8,1.967846536,,287.98391,242.45884,1.9731,243.36428,138.75919,104.60508,5.821,19.12671,-11.82908,167.40053,128.95889,38.44165,0.17690479,29.61396,15.58525,15.98997,77.01,166.36,0.7727,116.0882498,1.734894791
ske_55_13_66,C4H2N8O6,1.936360309,-18.60394955,258.00973,225.98299,1.8966,227.96203,110.81222,117.14981,4.6046,25.69688,-15.34662,373.9171,310.39302,63.52408,0.14102616,52.73209,20.75452,20.37788,60.62,167.34,0.7871,120.5402862,3.023302554
ske_55_13_67,C4H2N8O6,1.959016918,-18.60394955,258.00973,225.62516,1.8996,226.01146,116.4039,109.60756,3.15768,22.65011,-17.5434,357.61639,277.75626,79.86013,0.1734439,62.02638,20.21163,20.17353,56.77,169.24,0.793,123.788517,3.800691144
ske_55_13_68,C4H2N8O6,1.904259603,-18.60394955,258.00973,227.36613,1.8851,227.78614,120.77255,107.01359,4.01408,19.64185,-13.62298,235.439,178.48749,56.95151,0.18338179,43.17523,16.84293,16.81419,69.29,158.5,0.7909,115.6831074,1.662894939
ske_55_14_19,C3N8O6,1.942171503,,243.99408,207.89283,1.9496,212.56291,124.15382,88.4091,5.04793,17.11298,-11.89515,185.86763,149.75663,36.11099,0.15653736,29.09523,14.62897,14.94278,77.53,135.03,0.7984,100.0773714,1.604076878
ske_55_14_7,C3HN7O4,1.910437261,-20.09959349,199.009,175.97346,1.8786,182.64138,83.75087,98.89051,3.31776,25.27142,-15.27491,451.64917,395.25157,56.3976,0.10927776,49.35521,20.26328,19.85885,46.91,135.73,0.8315,98.13075512,2.763813144
ske_55_15_19,C3N8O6,1.969762126,,243.99408,206.14038,1.9662,208.03098,116.69188,91.3391,5.31054,17.94217,-10.82721,217.4029,175.27628,42.12662,0.15622449,33.96366,14.87223,14.81824,82.71,125.33,0.8112,100.9427821,1.444178007
ske_55_15_20,C3H2N8O4,1.87943949,-22.42782096,214.0199,192.32797,1.8485,196.81269,94.24189,102.5708,3.1295,23.42364,-15.51673,333.99111,273.41421,60.57691,0.14847671,49.5899,19.58449,19.30288,52.15,144.67,0.8187,104.2502105,2.860574322
ske_55_15_21,C3H2N8O4,1.886035073,-22.42782096,214.0199,190.63343,1.8649,193.09964,106.54164,86.558,4.69615,18.11265,-11.81782,195.82121,127.24707,68.57414,0.22755622,44.56033,15.2115,15.29096,75.62,117.48,0.8295,100.1034676,1.360491737
ske_55_15_7,C3HN7O4,1.899461369,-20.09959349,199.009,175.634,1.8823,181.82157,91.46764,90.35394,4.41092,22.1543,-13.55116,330.42813,280.64126,49.78687,0.12797122,42.28529,18.1874,17.87908,55.65,126.17,0.8342,94.19075593,2.078903628
ske_55_1_19,C4HN7O6,1.936877189,-16.46098461,242.99883,209.05724,1.9309,212.61526,114.22429,98.39097,6.23207,21.74918,-11.78209,260.7333,217.76042,42.97288,0.13765133,35.89029,17.32014,17.13675,71.21,141.41,0.8012,104.2208933,1.326507053
ske_55_1_35,C4N8O8,1.994043687,,287.98391,239.19449,2,236.4016,142.8356,93.566,6.13168,16.53778,-9.75401,207.39482,173.00484,34.38998,0.138323,28.68747,13.70122,13.85281,105.74,130.66,0.7883,111.7662222,0.764069235
ske_55_2_20,C4HN7O6,1.92256976,-16.46098461,242.99883,209.15752,1.93,213.37587,105.0461,108.32977,5.09139,21.7841,-11.09534,237.17933,202.61732,34.56201,0.12448639,29.5256,16.79534,16.35747,75.18,138.2,0.7986,100.7382962,1.028734961
ske_55_2_22,C4H3N7O4,1.886363304,-41.30977331,213.02465,195.14696,1.8134,199.82688,94.01416,105.81271,1.42934,23.99328,-18.61862,443.13808,355.38866,87.74943,0.15880702,70.37344,21.25584,21.14728,49.18,150.65,0.8142,114.879505,3.844716136
ske_55_2_24,C4H3N7O4,1.895867593,-41.30977331,213.02465,193.60337,1.8279,197.89957,106.77071,91.12886,2.82173,20.43313,-17.81258,289.2455,181.241,108.0045,0.23397264,67.67553,19.09394,19.22642,47.59,150.31,0.8178,112.9030999,2.982969481
ske_55_2_25,C4H3N7O4,1.830664836,-41.30977331,213.02465,194.46703,1.8197,200.10639,104.34626,95.76013,4.28988,21.7538,-14.7399,225.32792,171.99079,53.33713,0.18067781,40.71176,18.42405,18.39733,49.24,150.87,0.8112,101.145644,0.559489461
ske_55_2_35,C4N8O8,1.974061497,,287.98391,239.83978,1.9946,240.0493,124.6459,115.4034,5.74923,18.58319,-8.11259,190.5484,165.35511,25.19329,0.11473393,21.86237,14.04694,13.54946,113.14,126.91,0.7777,109.0119595,0.117308962
ske_55_2_7,C4H2N6O4,1.849010586,-40.40123476,198.01375,178.62362,1.8416,186.92515,98.0928,88.83235,4.90961,22.3948,-14.39835,239.50634,191.24342,48.26292,0.16090372,38.53746,18.61957,18.59465,45.36,141.56,0.8206,94.25738065,0.00013793
ske_55_3_11,C4H2N6O4,1.845549334,-40.40123476,198.01375,179.28649,1.8348,186.96726,97.93871,89.02855,4.5144,21.8788,-14.58786,254.44619,204.27762,50.16856,0.15829258,40.27694,18.42207,18.40706,45.39,141.58,0.8224,95.23109545,0.898103312
ske_55_3_34,C4HN7O6,1.929976126,-16.46098461,242.99883,209.61576,1.9257,211.09454,97.77068,113.32386,3.8942,21.04756,-10.90493,265.67831,223.92035,41.75796,0.13247095,35.19466,16.11878,15.6026,80.85,130.24,0.8084,103.0988257,1.622786493
ske_55_3_35,C4HN7O6,1.909492441,-16.46098461,242.99883,210.01635,1.9221,215.62769,109.29092,106.33676,5.6096,21.8951,-11.12833,206.46045,174.17903,32.28142,0.1319091,27.23401,16.93803,16.58547,71.21,144.42,0.7924,100.3324644,0.561716983
ske_55_3_38,C4H3N7O4,1.81688802,-41.30977331,213.02465,194.82632,1.8164,196.41378,100.3992,96.01458,2.64852,17.49993,-12.8811,202.87026,156.45569,46.41456,0.17644481,35.7954,15.28909,15.24207,66.64,129.77,0.8275,96.76667703,1.809741691
ske_55_3_40,C4H3N7O4,1.856374868,-41.30977331,213.02465,195.73704,1.8079,202.69067,101.91194,100.77873,3.339,23.85945,-17.4122,353.07961,278.48817,74.59143,0.16662894,58.83328,20.76096,20.65384,46.49,156.2,0.8043,111.2077983,2.961410163
ske_55_3_41,C4H3N7O4,1.834596741,-41.30977331,213.02465,193.85903,1.8254,195.52689,102.64067,92.88622,3.8358,20.25719,-14.31008,227.44349,176.11587,51.32761,0.17474412,39.74441,17.42017,17.43198,51.39,144.14,0.8285,98.59635146,0.751011201
ske_55_3_42,C4H3N7O4,1.813518336,-41.30977331,213.02465,196.28539,1.8029,203.39592,105.57819,97.81772,3.81101,21.43056,-15.2064,217.49281,162.846,54.64682,0.18812743,40.91636,18.45205,18.43722,47.63,155.77,0.803,102.7382359,1.161095741
ske_55_3_45,C4H3N7O4,1.899795127,-41.30977331,213.02465,193.75511,1.8264,194.63673,102.61206,92.02467,1.80847,19.24691,-17.63625,327.94566,225.89843,102.04723,0.21434366,70.29307,18.42691,18.48539,61.86,132.77,0.8319,112.5604084,2.922489854
ske_55_3_47,C4H3N7O4,1.857063477,-41.30977331,213.02465,195.95248,1.8059,201.77892,99.37936,102.39956,2.19205,22.30947,-17.33202,369.87821,294.26201,75.6162,0.16264157,60.15757,19.87213,19.78349,47.16,154.62,0.8086,111.3884178,3.130123599
ske_55_3_65,C4N8O8,1.971877341,,287.98391,240.42181,1.9898,239.74492,129.86977,109.87515,5.43398,17.36631,-8.66975,186.75897,159.59412,27.16485,0.12429717,23.21361,13.78213,13.38068,115.63,124.12,0.7799,109.8310577,0.143041892
ske_55_3_67,C4H2N8O6,1.893188206,-18.60394955,258.00973,226.55652,1.8918,227.45535,103.95265,123.5027,3.37855,21.2014,-11.62299,221.03432,178.14802,42.8863,0.15637961,34.56526,16.44208,16.00056,80.82,146.64,0.7901,110.7427139,1.905371296
ske_55_3_68,C4H2N8O6,1.90008614,-18.60394955,258.00973,224.44633,1.9096,224.10851,115.46612,108.64239,4.97445,20.41715,-11.43818,175.15461,138.50292,36.65169,0.16546637,28.9822,16.27193,16.06436,72.36,151.75,0.797,105.6344579,0.992715545
ske_55_3_69,C4H2N8O6,1.935447418,-18.60394955,258.00973,224.24015,1.9113,222.92783,111.73477,111.19307,3.18157,20.45745,-14.17847,242.55603,182.9193,59.63673,0.18541686,44.97398,17.44107,17.32559,60.71,162.22,0.8007,114.1729814,2.683949112
ske_55_4_33,C4HN7O6,1.949914284,-16.46098461,242.99883,209.63059,1.9256,212.55687,112.25514,100.30174,5.13076,22.06698,-13.82383,290.6909,235.45719,55.23371,0.1539052,44.73884,18.28571,18.17719,61.95,150.61,0.8029,109.0088659,2.003945899
ske_55_4_35,C4HN7O6,1.940717587,-16.46098461,242.99883,209.97631,1.9224,215.44597,113.56693,101.87904,5.68779,22.58665,-13.14977,262.02626,209.57188,52.45438,0.16011246,41.95367,18.28442,18.12418,64.87,150.57,0.793,108.9297841,1.677272435
ske_55_4_65,C4N8O8,1.998654169,,287.98391,240.04289,1.9929,239.09012,141.38148,97.70864,5.74323,17.41244,-11.14176,213.524,170.39068,43.13331,0.16120009,34.42009,14.64345,14.84981,97.82,141.27,0.7812,116.7184674,1.107018051
ske_55_5_19,C3N8O6,1.95975897,,243.99408,205.83476,1.9691,207.73106,121.69051,86.04056,5.51496,15.72818,-8.92999,191.15493,157.46002,33.69491,0.14519899,27.7555,12.97214,12.91243,103.56,104.17,0.8116,96.94272294,0.631884954
ske_55_5_7,C3HN7O4,1.903438513,-20.09959349,199.009,175.02518,1.8888,180.29699,92.59719,87.6998,4.87631,21.21977,-12.37981,285.64246,236.11343,49.52903,0.1433293,40.94093,17.17832,16.91985,61.46,118.84,0.8393,92.85523092,1.686477487
ske_55_5_8,C3HN7O4,1.887721946,-20.09959349,199.009,175.5223,1.8835,183.54296,95.36138,88.18158,5.76303,21.67336,-11.44272,252.38941,208.74491,43.6445,0.1430221,36.09726,17.05552,16.75814,66.42,117.13,0.826,91.47985231,1.133566247
ske_55_6_1,C3H2N6O2,1.790568377,-51.93998439,154.02392,144.59724,1.7695,154.55382,79.66958,74.88425,3.38441,21.37303,-15.75374,282.18725,223.25057,58.93668,0.16523555,46.62737,18.67344,18.65038,37.01,117.55,0.862,86.1967451,0.730302506
ske_55_6_19,C3N8O6,1.941164654,,243.99408,206.09105,1.9666,210.37959,104.03823,106.34136,5.04383,18.57392,-8.19323,173.5158,150.24955,23.26625,0.11610782,20.14654,13.88341,13.32676,104.05,106.33,0.802,92.79766932,0.237503465
ske_55_6_20,C3H2N8O4,1.848151347,-22.42782096,214.0199,192.04427,1.8512,197.67843,91.5345,106.14393,2.83535,20.87553,-12.72181,223.13212,182.32265,40.80946,0.14944361,33.34567,16.80794,16.49737,58.38,139.3,0.8143,95.88538895,1.914881432
ske_55_6_7,C3HN7O4,1.885132457,-20.09959349,199.009,175.12448,1.8877,181.01478,84.3269,96.68789,3.44223,21.20612,-12.05065,270.15004,231.98719,38.16286,0.12130949,32.77177,16.70717,16.31578,57.01,124,0.8362,88.49482571,1.522356954
ske_55_6_8,C3HN7O4,1.877401615,-20.09959349,199.009,175.39043,1.8849,183.72248,88.92878,94.79371,4.37135,21.79758,-11.97672,234.53379,198.51761,36.01618,0.12998278,30.48535,17.11605,16.7304,55.04,128.68,0.8248,88.19460373,1.096633474
ske_55_7_15,C3H3N7O2,1.747061378,-52.06027965,169.03482,161.28674,1.741,167.18208,85.58139,81.6007,2.13592,17.03931,-13.4945,212.37822,158.70599,53.67223,0.18885261,40.10818,15.32867,15.30911,59.33,107.85,0.8571,87.31537805,1.437071149
ske_55_7_19,C3N8O6,1.943610803,,243.99408,206.35134,1.9642,209.56676,103.95194,105.61481,5.05877,19.15794,-8.81842,171.61931,144.976,26.64331,0.13114507,22.50703,14.46574,13.94716,98.51,111.06,0.8058,94.18080264,0.424716184
ske_55_7_2,C3H2N6O2,1.789424246,-51.93998439,154.02392,145.1663,1.7626,154.58358,79.85797,74.72561,3.11789,21.06446,-16.0613,305.27803,243.08946,62.18857,0.16221297,49.52006,18.64692,18.64593,36.94,117.65,0.8641,87.64667153,0.858867915
ske_55_7_7,C3HN7O4,1.873209392,-20.09959349,199.009,175.9117,1.8793,183.2931,89.66892,93.62418,4.24574,21.27278,-12.06198,229.38717,192.02169,37.36548,0.13635862,31.27892,16.89462,16.568,55.21,128.09,0.8283,88.51136202,1.045129354
ske_55_7_9,C3HN7O4,1.891957647,-20.09959349,199.009,175.42135,1.8845,180.62449,85.70121,94.92328,3.3924,21.74366,-13.17598,283.24439,238.58767,44.65672,0.13280431,37.61607,17.55536,17.2411,51,129.62,0.839,91.15635868,1.753962162
ske_55_8_19,C3N8O6,1.9611838,,243.99408,206.39076,1.9638,209.56391,111.54275,98.02116,5.31271,18.38227,-9.55973,190.61064,151.51913,39.09151,0.16302552,31.0744,14.51149,14.25563,91.42,118.14,0.8059,99.90898111,0.890891581
ske_55_8_7,C3HN7O4,1.907965314,-20.09959349,199.009,175.89922,1.8794,183.14335,93.31463,89.82872,4.31051,22.06462,-14.13257,286.92215,226.35905,60.56311,0.16652439,47.77954,18.35073,18.17408,54.87,128.27,0.829,97.55564421,1.947944741
ske_55_8_9,C3HN7O4,1.905358488,-20.09959349,199.009,176.04006,1.8779,183.47783,94.00765,89.47017,4.58566,22.09714,-13.81391,291.23477,231.83368,59.4011,0.16236206,47.28548,18.23648,18.05795,56.19,127.29,0.8279,97.44531339,1.811981301
ske_56_10_19,C4N8O6,1.907339321,,255.99408,220.09467,1.9321,222.45325,112.27282,110.18043,6.33774,20.61196,-8.20756,248.27315,224.83336,23.43979,0.08549781,21.22681,15.2093,14.4681,107.75,114.71,0.7925,99.45241947,0.732992292
ske_56_10_20,C4H2N8O4,1.866855345,-35.39511344,226.0199,204.5114,1.8359,206.01447,98.55367,107.4608,3.67645,25.48745,-16.32669,332.34546,271.23349,61.11197,0.15006869,49.87465,21.00678,20.70904,44.03,161.98,0.8148,108.5284371,3.104402443
ske_56_10_21,C4H2N8O4,1.827112998,-35.39511344,226.0199,204.54694,1.8356,206.77703,104.47579,102.30124,4.40313,21.60072,-13.16001,199.58908,161.04724,38.54184,0.15581604,31.09918,17.60308,17.42474,52.98,153.8,0.8119,98.62874042,1.900830653
ske_56_10_22,C4H2N8O4,1.849315086,-35.39511344,226.0199,204.11076,1.8395,205.58626,103.63667,101.94959,4.17433,21.42433,-13.36113,220.21836,168.20437,52.01398,0.18040575,39.72866,17.5977,17.42581,58.3,147.29,0.8155,103.0931267,1.960807612
ske_56_11_19,C4N8O6,1.919276877,,255.99408,219.03675,1.9415,221.73364,110.70182,111.03182,6.1019,20.97023,-8.72224,251.20326,226.55672,24.64654,0.0884876,22.22837,15.57923,14.83712,100.51,121.23,0.7925,99.8369241,0.529627757
ske_56_12_19,C4N8O6,1.911992184,,255.99408,219.37464,1.9385,224.93392,108.86905,116.06487,6.29632,23.12097,-9.48524,261.88424,239.76135,22.12289,0.07733966,20.25404,16.88727,16.085,90.84,134.1,0.782,99.95459601,0.321026068
ske_56_13_19,C4N8O6,1.930262488,,255.99408,218.71874,1.9443,222.45572,113.29778,109.15794,6.25199,20.91172,-8.9637,262.06146,232.70916,29.3523,0.09946019,26.06468,15.68897,15.04889,101.86,120.6,0.7892,102.8908792,0.315957713
ske_56_14_19,C4N8O6,1.908728109,,255.99408,219.71616,1.9355,224.13069,108.64871,115.48198,6.22485,22.2415,-8.84407,259.35424,237.28139,22.07284,0.07786374,20.19429,16.16138,15.33855,97.96,126.17,0.7856,99.50599613,0.517053162
ske_56_15_19,C4N8O6,1.922846697,,255.99408,219.2044,1.94,225.17284,113.10242,112.07042,6.40919,21.92832,-9.25285,270.50681,243.04289,27.46391,0.09121977,24.67557,16.32877,15.61963,93.88,131.29,0.7808,103.2972991,0.426718017
ske_56_16_19,C4N8O6,1.925468648,,255.99408,218.70205,1.9444,220.99749,112.25748,108.74001,6.22712,20.77705,-8.79346,269.06929,242.76587,26.30343,0.08820063,23.73208,15.60978,14.88062,101.4,119.6,0.7943,100.555453,0.338417475
ske_56_16_22,C4H2N8O4,1.854158657,-35.39511344,226.0199,204.02073,1.8403,206.3011,94.5754,111.7257,2.64678,22.09054,-13.8123,264.56396,212.79898,51.76499,0.15737809,41.63657,17.91591,17.60732,57.05,149.25,0.8124,104.4540427,2.770423081
ske_56_17_5,C3N8O4,1.875465555,,212.00425,185.45828,1.8989,192.55338,94.10301,98.45037,5.56565,21.33525,-9.50759,242.30371,217.0916,25.21211,0.09322494,22.58875,15.94532,15.28791,80.84,111.71,0.8168,86.60109054,0.594025247
ske_56_18_5,C3N8O4,1.886217844,,212.00425,184.72062,1.9065,192.87739,97.12466,95.75273,5.65892,21.29075,-10.19687,251.30934,224.53395,26.77538,0.095192,23.92264,16.32111,15.78326,72.8,120.07,0.8132,87.69500157,0.439044154
ske_56_19_5,C3N8O4,1.883254967,,212.00425,184.67962,1.9069,192.7196,94.72071,97.9989,5.74142,22.05449,-10.02594,252.93488,228.20441,24.73047,0.0882143,22.31247,16.56993,15.93791,72.83,119.89,0.8138,86.47141105,0.291569854
ske_56_1_65,C5N8O8,1.940586489,,299.98391,252.50155,1.9736,245.344,120.89463,124.44937,6.40108,20.94073,-7.72327,247.54985,229.90881,17.64104,0.06618422,16.38389,15.14747,14.23625,125.79,119.55,0.7874,107.5478678,0.817990346
ske_56_1_66,C5H2N8O6,1.916383048,-29.6285619,270.00973,236.61413,1.8957,229.59093,111.66372,117.92721,3.66762,23.1436,-14.77393,268.13645,213.22279,54.91365,0.16285544,43.66748,19.11232,18.8446,58.42,171.17,0.8058,116.8625705,3.289024688
ske_56_1_67,C5H2N8O6,1.885893815,-29.6285619,270.00973,235.92102,1.9012,230.52609,118.79386,111.73223,6.08332,22.65434,-11.53502,193.75796,162.21375,31.54421,0.1362976,26.40875,17.54961,17.26499,68.68,161.84,0.801,107.2046152,1.348019077
ske_56_1_68,C5H2N8O6,1.88798179,-29.6285619,270.00973,237.02993,1.8924,230.91498,124.24264,106.67234,5.85829,20.64247,-11.36104,194.78502,154.78284,40.00218,0.16319069,31.7871,16.43511,16.35487,79.99,150.93,0.8021,110.8488367,1.246086273
ske_56_1_69,C5H2N8O6,1.888013323,-29.6285619,270.00973,236.57403,1.896,228.83621,109.33403,119.50218,3.72251,22.42119,-13.38515,204.68781,168.16087,36.52694,0.14660685,30.00863,18.0113,17.70242,55.92,172.92,0.8084,108.6776403,2.60815259
ske_56_1_70,C5H4N8O4,1.79913015,-53.3254345,240.03555,223.56113,1.7837,219.11658,112.05344,107.06314,3.10539,21.96622,-16.63457,252.99334,196.94724,56.0461,0.17245554,43.6301,19.39104,19.36111,49.27,169.84,0.813,111.5951471,3.480345072
ske_56_1_72,C5H4N8O4,1.821564778,-53.3254345,240.03555,222.46084,1.7925,217.64761,118.09487,99.55275,4.98131,23.73707,-17.2678,266.86101,200.35994,66.50107,0.18709806,49.92918,20.60207,20.778,43.97,173.68,0.8158,114.0582273,2.712721876
ske_56_1_73,C5H4N8O4,1.836484643,-53.3254345,240.03555,220.9986,1.8043,213.63512,113.30236,100.33276,1.72945,17.89182,-16.52216,227.86456,150.32048,77.54408,0.22449839,51.15523,17.18401,17.24856,60.45,153.18,0.8274,112.7209869,1.428535726
ske_56_20_5,C3N8O4,1.881032748,,212.00425,185.1965,1.9016,192.3233,93.86594,98.45736,5.77444,21.36711,-9.09109,255.04151,228.35432,26.68719,0.09368936,23.89468,15.80199,15.08257,85.61,106.71,0.817,87.43695068,0.513103576
ske_56_21_19,C4N8O6,1.916336773,,255.99408,218.91913,1.9425,219.73918,107.31514,112.42404,6.28455,21.75861,-8.48633,264.98643,242.79845,22.18799,0.0767214,20.33013,15.85748,14.96818,101.26,118.48,0.7994,97.43358804,0.28037617
ske_56_22_19,C4N8O6,1.907062736,,255.99408,219.41987,1.9381,223.65972,106.8504,116.80931,6.4595,23.28294,-8.92962,265.66086,246.11714,19.54372,0.06815441,18.10596,16.70307,15.78672,95.92,127.74,0.7866,97.62335115,0.225384634
ske_56_23_19,C4N8O6,1.925393843,,255.99408,218.5731,1.9456,220.69399,109.34245,111.35153,6.47115,21.90288,-8.68215,276.1976,250.75532,25.44228,0.08363083,23.09863,16.05819,15.23234,103,117.69,0.7951,99.9540878,0.199303763
ske_56_24_19,C4N8O6,1.910009698,,255.99408,218.41007,1.947,217.52868,107.08294,110.44574,6.21353,20.67772,-7.81025,251.16108,235.05256,16.10852,0.06002276,15.07538,14.98789,14.14453,112.76,104.77,0.8063,92.0331703,0.232842819
ske_56_25_19,C4N8O6,1.926255978,,255.99408,217.75705,1.9529,218.2124,108.65955,109.55285,6.42997,21.53462,-8.55152,272.03645,250.45138,21.58507,0.07305043,19.87238,15.8225,15.0165,99.74,118.47,0.8021,96.33469376,0.132481334
ske_56_26_19,C4N8O6,1.925930068,,255.99408,217.34011,1.9566,213.7615,106.00851,107.75299,6.23726,20.43063,-7.72632,262.88028,243.59102,19.28926,0.06799247,17.87388,14.91577,14.02663,110.64,103.13,0.8178,92.60005049,0.272351486
ske_56_27_5,C3N8O4,1.869407069,,212.00425,185.52513,1.8982,191.09172,91.64605,99.44567,5.81241,21.88039,-8.99534,248.54982,226.55008,21.99974,0.08067794,20.05249,15.96577,15.17491,84.85,106.24,0.8232,84.07891272,0.383552159
ske_56_28_5,C3N8O4,1.884287733,,212.00425,184.61636,1.9076,191.08942,93.54629,97.54313,5.99549,22.62423,-9.95188,268.0425,243.30372,24.73878,0.08377601,22.45553,16.87745,16.15552,73.01,118.08,0.8205,85.87711337,0.258066032
ske_56_29_5,C3N8O4,1.879441989,,212.00425,184.6436,1.9073,191.24874,91.47184,99.77689,5.96025,22.86882,-9.54091,264.34756,242.19339,22.15417,0.07678336,20.29749,16.72356,15.91548,76.35,114.9,0.8199,84.33414872,0.290348693
ske_56_2_65,C5N8O8,1.934055757,,299.98391,253.13803,1.9686,250.02317,124.11394,125.90923,6.73262,21.73552,-8.05635,253.85731,236.96879,16.88852,0.06210168,15.76497,15.72428,14.84682,120.24,129.78,0.774,109.603372,0.493437219
ske_56_2_66,C5H2N8O6,1.89132685,-29.6285619,270.00973,238.42553,1.8813,234.99042,110.37007,124.62036,3.04091,22.85578,-14.50815,265.88501,218.54712,47.33789,0.14634108,38.9099,18.7126,18.42886,57.53,177.46,0.7913,117.1078376,3.453805446
ske_56_2_67,C5H2N8O6,1.882603037,-29.6285619,270.00973,237.27332,1.8904,234.97368,116.87613,118.09754,5.12814,23.41875,-12.9733,224.90684,188.92956,35.97729,0.13437639,30.22217,18.49623,18.16888,60.56,174.42,0.7888,111.9904183,2.075965598
ske_56_2_68,C5H2N8O6,1.893470641,-29.6285619,270.00973,236.61345,1.8957,233.64932,124.98035,108.66897,5.6011,21.83233,-13.06646,188.40634,146.19015,42.21619,0.17386259,32.75681,17.73668,17.75538,63.67,169.98,0.7918,112.8562026,1.675368756
ske_56_2_69,C5H2N8O6,1.885071158,-29.6285619,270.00973,237.3441,1.8898,233.99848,114.52569,119.47279,4.08594,22.61232,-13.67331,214.41876,175.74808,38.67068,0.14782465,31.69638,18.31735,18.04832,57.15,176.85,0.7922,112.3939837,2.470534723
ske_56_30_5,C3N8O4,1.883866239,,212.00425,183.89429,1.9151,185.78188,91.65814,94.12373,5.8053,20.10673,-8.12151,248.78059,228.63007,20.15052,0.07443663,18.51839,14.79193,14.03459,93.1,92.68,0.8418,80.63890215,0.332590298
ske_56_3_65,C5N8O8,1.938568763,,299.98391,253.55725,1.9654,252.38007,128.02873,124.35134,6.71135,21.18794,-8.19336,259.20809,237.95772,21.25037,0.07526087,19.50823,15.55086,14.78532,120.86,131.52,0.7676,114.0053105,0.62521304
ske_56_3_66,C5H2N8O6,1.902553399,-29.6285619,270.00973,237.70269,1.887,236.16012,117.56789,118.59223,4.05592,23.33279,-15.05444,246.63408,193.9743,52.65978,0.16792567,41.41619,19.3744,19.17566,55.87,180.29,0.7858,119.0878808,3.092675508
ske_56_3_67,C5H2N8O6,1.901016333,-29.6285619,270.00973,237.75314,1.8866,236.51847,115.80145,120.71702,4.32526,23.79205,-14.34886,260.20767,209.4058,50.80188,0.15711884,40.88353,19.26446,18.97232,60.14,176.38,0.7847,118.9905114,2.876948125
ske_56_3_68,C5H2N8O6,1.873433871,-29.6285619,270.00973,237.94035,1.8851,236.8778,118.78247,118.09533,5.22525,22.67916,-12.33022,207.94838,173.86604,34.08234,0.13703551,28.49631,17.81702,17.5197,63.65,173.23,0.7839,111.8945259,1.893914888
ske_56_3_69,C5H2N8O6,1.880190585,-29.6285619,270.00973,237.70919,1.8869,235.9511,115.02465,120.92645,3.99522,21.97812,-13.11002,210.37295,172.87045,37.5025,0.1464877,30.81705,17.72118,17.43316,61.16,174.79,0.7865,112.8759171,2.560976323
ske_56_4_33,C5HN7O6,1.876273669,-28.23542367,254.99883,223.52652,1.8951,220.79451,105.22854,115.56597,5.15427,23.12867,-11.21232,227.58846,199.1743,28.41417,0.10926164,24.86669,17.48693,16.89154,70.27,150.53,0.8067,101.2495399,1.916331056
ske_56_4_65,C5N8O8,1.933279094,,299.98391,253.55016,1.9654,249.29282,127.25813,122.03469,6.70949,20.20693,-7.36568,246.64426,228.2889,18.35535,0.06888197,16.98934,14.73345,13.92084,132.4,116.89,0.7771,110.240249,0.749021286
ske_56_4_66,C5H2N8O6,1.903627092,-29.6285619,270.00973,237.06906,1.892,231.6173,107.80675,123.81055,3.8695,26.21928,-15.59134,287.22872,240.03938,47.18934,0.13730004,39.43652,20.93769,20.53814,46.21,185.4,0.7998,115.6407164,3.232181014
ske_56_4_67,C5H2N8O6,1.875875997,-29.6285619,270.00973,237.37792,1.8896,233.53419,115.48479,118.0494,5.03664,22.63546,-12.17985,208.77906,176.31311,32.46595,0.1313224,27.41737,17.71417,17.35025,65.5,168.03,0.7939,109.434164,2.127894978
ske_56_4_68,C5H2N8O6,1.873083725,-29.6285619,270.00973,237.20534,1.891,233.43831,122.69874,110.73956,5.48554,20.4463,-11.09088,170.27888,139.22549,31.05339,0.1491098,25.39025,16.12767,16.00823,76.01,157.43,0.7938,108.0227662,1.389789138
ske_56_4_69,C5H2N8O6,1.877060961,-29.6285619,270.00973,237.7476,1.8866,233.28804,113.32196,119.96609,4.33768,21.70213,-12.06507,214.07377,178.77816,35.29561,0.13769184,29.47621,17.09887,16.74637,70.89,162.4,0.7956,110.6379616,2.186107058
ske_56_5_33,C5HN7O6,1.880827074,-28.23542367,254.99883,224.0003,1.8911,226.5642,109.18377,117.38043,5.3206,24.32237,-12.35428,252.80174,219.34665,33.45509,0.11482412,29.02774,18.66378,18.12184,63.03,163.53,0.7873,106.8993819,1.937946767
ske_56_5_65,C5N8O8,1.93951345,,299.98391,254.10416,1.9611,255.27179,134.86512,120.40667,6.89092,20.79877,-8.68697,267.00589,242.69143,24.31446,0.08277084,22.1003,15.73099,15.08587,115.34,139.94,0.76,117.6062004,0.81198665
ske_56_5_66,C5H2N8O6,1.901582736,-29.6285619,270.00973,238.35529,1.8818,238.50633,113.37511,125.13122,4.16435,26.03819,-15.65445,334.51862,283.05746,51.46116,0.13017081,43.54456,20.96286,20.59041,50.85,187.65,0.7795,121.4581977,3.232605174
ske_56_5_67,C5H2N8O6,1.902321822,-29.6285619,270.00973,239.23764,1.8749,240.10734,114.52959,125.57775,3.2699,22.80266,-14.54439,299.3712,240.43436,58.93684,0.15811146,47.33402,18.76915,18.48353,67.31,172.8,0.7762,124.2538726,3.427751674
ske_56_5_68,C5H2N8O6,1.874011387,-29.6285619,270.00973,238.31173,1.8822,239.10721,122.0111,117.09611,5.2146,22.53555,-12.83338,200.90413,163.85619,37.04794,0.15040046,30.21607,17.97375,17.78418,61.62,177.48,0.7774,114.174698,1.666021224
ske_56_5_69,C5H2N8O6,1.897184452,-29.6285619,270.00973,238.08609,1.884,238.39491,119.92514,118.46977,4.29992,21.74664,-13.36114,223.11065,170.21669,52.89396,0.18087044,40.35412,17.77295,17.57948,70.36,168.03,0.7792,119.69895,2.321500333
ske_56_6_65,C5N8O8,1.942685142,,299.98391,253.42241,1.9664,250.6772,133.42616,117.25104,6.75119,20.07471,-8.41034,265.90458,242.95335,22.95123,0.07886371,20.97022,15.26569,14.61885,121.9,128.77,0.7726,114.1702383,0.556811823
ske_56_6_66,C5H2N8O6,1.909384242,-29.6285619,270.00973,237.06889,1.892,233.76396,116.97993,116.78403,5.37723,25.37433,-14.6534,283.71751,232.17632,51.54119,0.14866204,42.17802,20.31563,20.01836,54.57,179.19,0.7924,118.2371652,2.53788259
ske_56_6_67,C5H2N8O6,1.901545873,-29.6285619,270.00973,236.9829,1.8927,232.93746,114.59944,118.33802,4.06891,23.76372,-15.00369,236.97746,189.28078,47.69668,0.16076096,38.09673,19.55317,19.31341,53.79,179.15,0.795,115.5830285,3.003359129
ske_56_6_68,C5H2N8O6,1.876943099,-29.6285619,270.00973,237.95518,1.885,235.10587,114.65411,120.45176,4.59885,22.2175,-12.17177,204.63204,167.77717,36.85486,0.14766597,30.21719,17.44877,17.07077,70.3,164.81,0.7899,112.0566776,2.113331247
ske_56_6_69,C5H2N8O6,1.903942444,-29.6285619,270.00973,237.43705,1.8891,233.76,115.45643,118.30357,4.37053,21.99934,-12.83403,235.64177,182.72882,52.91295,0.17412635,41.03144,17.67391,17.36087,73.33,160.43,0.7933,117.6217538,2.198018816
ske_56_6_70,C5H4N8O4,1.848423904,-53.3254345,240.03555,224.83076,1.7736,222.99008,112.76828,110.2218,2.46632,24.8533,-20.43787,360.73445,261.05639,99.67806,0.19996716,72.13504,22.70303,22.6708,46.15,176.84,0.8019,126.5352605,4.33821474
ske_56_6_71,C5H4N8O4,1.823350526,-53.3254345,240.03555,221.88606,1.7971,218.68785,122.25763,96.43022,3.91107,19.92133,-16.3873,213.73741,139.38408,74.35332,0.22685716,48.48786,18.08501,18.363,51.47,167.22,0.8105,113.8560968,0.642059355
ske_56_6_73,C5H4N8O4,1.861434933,-53.3254345,240.03555,221.39665,1.8011,217.48313,125.65245,91.83068,3.11494,20.52172,-20.70286,273.12926,168.14642,104.98284,0.23662983,64.63053,20.18966,20.5982,46.44,171.04,0.8138,120.6944057,3.408598507
ske_56_6_74,C5H4N8O4,1.842096361,-53.3254345,240.03555,221.3458,1.8015,216.88741,121.60641,95.281,2.31087,18.19644,-17.96376,228.33892,134.79084,93.54808,0.24184403,55.22241,17.86657,18.09422,58.01,158.88,0.8159,116.2089488,1.293713927
ske_56_7_19,C4N8O6,1.905076481,,255.99408,219.34384,1.9387,217.8476,109.20663,108.64097,6.0249,19.93447,-7.95709,229.33843,211.0129,18.32553,0.07352109,16.86121,14.70346,13.96133,108.88,108.96,0.8074,93.73076817,0.814636541
ske_56_7_20,C4H2N8O4,1.83211393,-35.39511344,226.0199,203.56953,1.8444,202.85659,100.3021,102.55449,4.61553,22.36402,-12.74315,208.80478,173.86008,34.9447,0.13934787,29.0965,17.80449,17.50017,53.77,149.09,0.825,95.57585947,1.982402369
ske_56_7_21,C4H2N8O4,1.846870513,-35.39511344,226.0199,202.81478,1.8513,201.28889,108.93796,92.35093,5.29236,20.4392,-12.57499,172.81773,129.04434,43.77338,0.18913526,32.68593,16.73768,16.83112,58.54,142.75,0.8293,97.09762607,1.258515506
ske_56_7_22,C4H2N8O4,1.835599576,-35.39511344,226.0199,203.69878,1.8432,202.10886,98.11202,103.99685,3.61096,21.5333,-13.29722,210.7829,172.46184,38.32107,0.14875098,31.35416,17.55311,17.29535,51.95,150.16,0.8284,96.65487928,2.292787784
ske_56_8_19,C4N8O6,1.907404417,,255.99408,219.6029,1.9365,223.09313,111.89029,111.20284,6.13547,21.27223,-9.09486,247.55788,226.74177,20.81611,0.07701541,19.06577,15.86378,15.20231,96.15,126.94,0.789,98.10894198,0.797954687
ske_56_8_20,C4H2N8O4,1.865037751,-35.39511344,226.0199,204.73172,1.8339,207.72303,97.48664,110.23639,2.31243,23.3955,-16.33221,309.00877,246.26203,62.74674,0.16182552,50.00551,19.8463,19.64709,48.91,158.82,0.8087,109.3816437,3.482249835
ske_56_8_21,C4H2N8O4,1.842559006,-35.39511344,226.0199,203.87269,1.8417,207.04639,107.94331,99.10308,5.01124,22.72302,-14.28048,208.82231,163.62391,45.19839,0.16959616,35.41546,18.727,18.68199,47.81,159.24,0.8091,101.3369861,1.587871079
ske_56_8_22,C4H2N8O4,1.854006603,-35.39511344,226.0199,203.71673,1.8431,206.40924,103.57412,102.83512,3.57245,22.01216,-14.99977,223.38459,170.86983,52.51475,0.17982096,40.16923,18.64419,18.51852,49.12,157.29,0.8112,103.712229,2.510710116
ske_56_9_19,C4N8O6,1.906649747,,255.99408,219.52336,1.9372,222.77043,109.74571,113.02472,6.2774,21.99472,-8.98393,251.07102,231.12948,19.94154,0.07311743,18.35767,16.14582,15.39357,96.41,126.36,0.79,97.38345586,0.512474641
ske_56_9_20,C4H2N8O4,1.856807143,-35.39511344,226.0199,204.76745,1.8336,207.47184,99.12322,108.34862,2.41316,22.96915,-16.39259,279.09776,220.60214,58.49563,0.16566105,46.23563,19.69934,19.53465,45.63,161.84,0.8098,107.3897372,3.45051939
ske_56_9_21,C4H2N8O4,1.839492981,-35.39511344,226.0199,204.08381,1.8398,207.44683,106.33683,101.11,4.53487,22.38147,-14.23431,214.25008,170.3549,43.89518,0.16290315,34.90201,18.52433,18.41052,49.96,157.49,0.8081,101.2235422,2.024267089
ske_56_9_22,C4H2N8O4,1.858695459,-35.39511344,226.0199,203.58601,1.8443,205.99969,104.50628,101.49341,3.83301,22.61638,-15.50796,230.75008,175.91494,54.83515,0.18116654,41.80419,19.21451,19.11415,46.76,159.24,0.8124,104.4048209,2.424396914
TATB,C6H6N6O6,1.937,-55.80640881,258.03488,233.58887,1.8351,220.76277,139.91751,80.84526,4.56513,15.246,-13.92008,110.32307,50.88018,59.44289,0.24849398,27.41462,13.76436,14.76043,62.17,158.6,0.8309,102.9538542,0.000434299
TNT,C7H5N3O6,1.654,-74.00299465,227.01784,220.59145,1.7098,216.51914,123.94832,92.57081,5.61646,17.95009,-10.89774,93.02718,62.71913,30.30805,0.21965359,20.43375,14.48096,14.93492,63.88,152.64,0.8154,95.94422327,0.58730791
